[
  {
    "key": "titlea",
    "value": "Cuestionario de"
  },
  {
    "key": "titleb",
    "value": "Aves de Thayer"
  },
  {
    "key": "begin",
    "value": "Toca Para Comenzar"
  },
  {
    "key": "choose_a_quiz",
    "value": "Selecciona un Cuestionario"
  },
  {
    "key": "start_quiz",
    "value": "Comenzar Cuestionario"
  },
  {
    "key": "whoami",
    "value": "¿Quién Soy Yo?"
  },
  {
    "key": "check",
    "value": "Verificar Respuesta"
  },
  {
    "key": "redo",
    "value": "Empezar de Nuevo"
  },
  {
    "key": "final_score",
    "value": "¡Identificaste {0} de {1} aves!"
  }
]